start_time	end_time	duration	x_pos	y_pos	vdx_pos	vdy_pos
72.8064097750903	72.8524065893725	0.0459968142822618	780.6	370.9	2.79800995024876	-2.72657004830918
73.0543925999082	73.1323871980421	0.0779945981339552	980.6	390.3	6.76464746772592	-2.34715525554484
78.2120353837527	78.2440331676044	0.0319977838516934	157.6	330.6	-9.00840336134454	-3.39065420560748
80.0619072624104	80.3038905027497	0.241983240339323	211.8	945.9	-8.28239845261122	8.19452313503305
